INDEX,ID-EVENTO,TITULO,PRECIO,GRATUITO,DIAS-SEMANA,FECHA,FECHA-FIN,HORA,DESCRIPCION,NOMBRE-INSTALACION,ACCESIBILIDAD-INSTALACION,CLASE-VIAL-INSTALACION,NOMBRE-VIA-INSTALACION,NUM-INSTALACION,BARRIO-INSTALACION,LATITUD,LONGITUD,TIPO
13,11851528,A Christmas Carol,12 euros por persona (más gastos de gestión). Sólo se devolverá el importe de la matrícula en caso de que la organización cancele la actividad.,0,-,2022-12-17 00:00:00.0,2022-12-17 23:59:00.0,18:00,-,Matadero Madrid,['1'],PLAZA,LEGAZPI,8.0,CHOPERA,40.3910548685872,-3.695807289289216,-
16,11772251,AbeceDanza 1,5 euros (tanto niños como adultos),0,['S'],2022-10-15 00:00:00.0,2022-12-03 23:59:00.0,12:00,-,Espacio Abierto Quinta de los Molinos,['1.6'],CALLE,JUAN IGNACIO LUCA DE TENA,20.0,EL SALVADOR,40.44774002225867,-3.629287454229164,DanzaBaile
17,11772254,AbeceDanza 2,5 euros (tanto niños como adultos),0,['S'],2022-10-15 00:00:00.0,2022-12-03 23:59:00.0,17:00,-,Espacio Abierto Quinta de los Molinos,['1.6'],CALLE,JUAN IGNACIO LUCA DE TENA,20.0,EL SALVADOR,40.44774002225867,-3.629287454229164,DanzaBaile
20,11806311,Acción teatro,Gratuita con inscripción previa,0,['V'],2022-11-04 00:00:00.0,2023-02-03 23:59:00.0,11:30,-,Casa del Lector,['3'],PASEO,CHOPERA,14.0,CHOPERA,40.39343275613288,-3.6985778802913103,-
36,11735859,Al calor del cancionero,Próximamente más información,0,"['L', 'M', 'X', 'J', 'V', 'S', 'D']",2022-12-29 00:00:00.0,2023-01-01 23:59:00.0,-,-,Fernán Gómez Centro Cultural de la Villa,['1.6'],PLAZA,COLON,4.0,RECOLETOS,40.42492634761077,-3.689920851966343,ProgramacionDestacadaAgendaCultura
37,11737449,Al compás de... Doblemol,140 euros /trimestre (más gastos de gestión). Solo se devolverá el importe de la matrícula en caso de que la organización cancele la actividad.,0,"['M', 'X', 'J']",2022-09-21 00:00:00.0,2022-12-22 23:59:00.0,-,-,Matadero Madrid,['1'],PLAZA,LEGAZPI,8.0,CHOPERA,40.3910548685872,-3.695807289289216,-
48,11831097,Amazing Grace. A Gospel Celebration to Aretha Franklin The Black Heritage Gospel Choir,"35 euros. Discapacidad y acompañante: 25 % descuento. Jubilados y mayores 65 años, desempleados y familias numerosas: 14 % de descuento. Amigos del FG.CCV y Artistas de cia.: solo 30 entradas por función (todos los días) 30 % de descuento.",0,"['M', 'J', 'S']",2022-12-01 00:00:00.0,2022-12-10 23:59:00.0,-,"Días 1, 3, 6 y 10 de diciembre de 2022",Fernán Gómez Centro Cultural de la Villa,['1.6'],PLAZA,COLON,4.0,RECOLETOS,40.42492634761077,-3.689920851966343,ProgramacionDestacadaAgendaCultura
50,11693898,Amistad,20 euros,0,"['M', 'X', 'J', 'V', 'S', 'D']",2023-01-25 00:00:00.0,2023-03-05 23:59:00.0,-,-,Teatro Español,['1.6'],CALLE,PRINCIPE,25.0,CORTES,40.41482868269558,-3.7001663599562105,TeatroPerformance
58,11830269,Antilopez,Platea: 22 euros Preferente frontal A/B filas 1-4: 22 euros Preferente frontal A/B filas 5-11: 20 euros Preferente frontal C/D filas 1-11: 20 euros Preferente escenario: 22 euros Grada: 18 euros Silla de ruedas: 20 euros,0,-,2023-01-21 00:00:00.0,2023-01-21 23:59:00.0,20:00,"Antílopez presenta ?Mutar fama? un disco-espectáculo en el que encontraremos letras comprometidas, certeras y agitadoras, acopladas a la perfección en su variado registro de canciones, conformando una especie de «playlist del momento» con guiños musicales a diferentes estilos, países y culturas. Estos dos cancionistas de Isla Cristina que encarnan su propio logo ?antílope y pez?, vuelven a agarrarnos por la solapa y agitarnos alternando las canciones más ácidas con dramas amorosos de una belleza difícil de gestionar, sin que se escape una lágrima o una risa nerviosa. Incansables en su pulso contra lo establecido y en su cruzada contra la imbecilización global, hacen de su crítica un escudo social de su día a día como albañiles de la música. Generan un espectáculo irreverente en el que celebran tanto sus virtudes como sus ineficacias y donde señalan las vergüenzas del mundillo, los entresijos solapados de la fama. En este quinto trabajo de estudio reinciden en su eclecticismo musical, innovando además con bachata, reggae rap y electrónica flamenca, sin dejar de la mano el pop rock, la rumba canalla o su aclamada canción de autor. Tienen al algoritmo de Google tomando pastillas para los nervios. El dueño de Spotify les llamó para preguntarles por 'artistas similares' y hubo algo más que palabras. Con este disco se afianzan como grupo top del país, ejemplo de lo que es ser verdaderamente independiente, ya que sin ayuda de ninguna multinacional han pasado del más absoluto underground de bareto a obtener éxito en salas, teatros y festivales de toda España y América Latina. Dos antihéroes. Dos valientes. Dos pasotas. Dos loquitos. Dos artesanos. Dos dulces caseros haciéndose sitio entre la bollería industrial. Dos hombres, dos guitarras, dos recibos de autónomo. ¡Canción escrache! Sin duda un trabajo que no dejará a nadie indiferente y en el que demuestran por qué llevan más de una década siendo referentes para otros artistas de su generación tanto en lo musical como en la puesta en escena.",Teatro Circo Price,['1'],RONDA,ATOCHA,35.0,PALOS DE MOGUER,40.40596423138839,-3.698601359753866,ProgramacionDestacadaAgendaCultura
66,11772341,Aprende qué es y cómo se maneja un robot,5 euros,0,['D'],2022-10-16 00:00:00.0,2022-12-18 23:59:00.0,17:00,-,Espacio Abierto Quinta de los Molinos,['1.6'],CALLE,JUAN IGNACIO LUCA DE TENA,20.0,EL SALVADOR,40.44774002225867,-3.629287454229164,CursosTalleres
67,11830292,Arcángel,Platea: 30 euros Preferente frontal: 25 euros Preferente escenario: 30 euros Grada: 20 euros Silla de ruedas: 25 euros,0,-,2023-01-24 00:00:00.0,2023-01-24 23:59:00.0,20:00,"Arcángel nos presenta un nuevo espectáculo donde podremos escuchar sus éxitos de siempre y algunos temas del que será su nuevo disco. Tras varios proyectos marcados por la inquietud de buscar nuevas vías expresivas mediante el diálogo con otros géneros musicales, en esta ocasión Arcángel se embarca en una fascinante aventura que le llevará a explorar caminos muy diferentes a los que hasta ahora ha transitado, interpretando temas especialmente compuestos para él por artistas de la talla de Juanes, Vanesa Martín, Andrés Calamaro, Vetusta Morla, Rozalen y Leiva entre otros. Cantaor profesional desde 1977, en su eco y en su modo de entender el cante flamenco conviven con naturalidad un profundo conocimiento y respeto de la raíz de lo jondo con un interés incesante por encontrar nuevos caminos de desarrollo para el arte flamenco: es en esa delicada y bella línea que separa la tradición y la vanguardia donde reside la concepción del arte del cantaor onubense. Compositor y dinamizador del género además de cantaor de enjundia, Arcángel ha recibido en numerosas ocasiones premios de crítica y público de la Bienal de Flamenco de Sevilla. En sus discos 'Arcángel', 'La calle perdía', 'Ropa vieja' o 'El Quijote de los sueños', ha colaborado con artistas como Israel Galván, Cristina Hoyos, Eva Yerbabuena, Vicente Amigo o Estrella Morente en entre otros. En 2015 publicó 'Tablao' grabado en tres tablaos emblemáticos de Madrid, Barcelona y Sevilla, una reivindicación de este espacio como lugar fundamental en la historia y el desarrollo del arte flamenco, además del escenario en el que se consiguen mayores dosis de intimidad y conexión entre el artista y su público. En Marzo de 2018 publicó 'Al Este del Cante' con el coro de Las Nuevas Voces Búlgaras por el cual fue recibió el Grammy Latino en la categoría Flamenco. En 2023 saldrá su siguiente álbum del cual podremos disfrutar un adelanto durante el concierto en el Teatro Circo Price.",Teatro Circo Price,['1'],RONDA,ATOCHA,35.0,PALOS DE MOGUER,40.40596423138839,-3.698601359753866,ProgramacionDestacadaAgendaCultura
73,11772293,Arquitecturas fantásticas,5 euros,0,['S'],2022-10-22 00:00:00.0,2022-12-17 23:59:00.0,18:00,-,Espacio Abierto Quinta de los Molinos,['1.6'],CALLE,JUAN IGNACIO LUCA DE TENA,20.0,EL SALVADOR,40.44774002225867,-3.629287454229164,CursosTalleres
75,11768262,ARTE MADRID «LOS ARTISTAS Y SU PALABRA»,Gratuito previa descarga de invitación. Las entradas estarán disponibles para descarga en la web desde 7 días antes de cada sesión,0,"['M', 'X']",2023-01-01 00:00:00.0,2023-05-18 23:59:00.0,-,-,Centro de Cultura Contemporánea Conde Duque,['1'],CALLE,CONDE DUQUE,9.0,UNIVERSIDAD,40.42802889001877,-3.710182353581842,ProgramacionDestacadaAgendaCultura
97,11768373,Ballet Nacional de Marsella. Program Childs / Carvalho/ Lasseindra/ Doherty,22 euros,0,"['J', 'V']",2023-03-30 00:00:00.0,2023-03-31 23:59:00.0,20:00,-,Centro de Cultura Contemporánea Conde Duque,['1'],CALLE,CONDE DUQUE,9.0,UNIVERSIDAD,40.42802889001877,-3.710182353581842,ProgramacionDestacadaAgendaCultura
100,11830275,Belén Aguilera,Platea: 35 euros Preferente frontal A/B filas 1-4: 35 euros Preferente frontal A/B filas 5-11: 28 euros Preferente frontal C/D filas 1-11: 28 euros Preferente escenario: 38 euros Grada: 25 euros Silla de ruedas: 28 euros,0,-,2023-01-22 00:00:00.0,2023-01-22 23:59:00.0,19:30,"BELÉN AGUILERA PRESENTA SU ÁLBUM 'SUPERPOP' Llega su concierto, dentro del SUPERPOP TOUR, donde Belén Aguilera repasa su último álbum con el mismo nombre 'Superpop'. Además de sus anteriores trabajos, e incluyendo canciones inéditas que aún no ha publicado, viene con fuerza a un festival que está dispuesto a ponerse en pie a cantar sus temas. Junto a sus coristas y su piano, con este concierto en el Teatro Circo Price da comienzo a la última etapa de la gira, que ya lleva un año dando la vuelta al país. La artista Belén Aguilera se encuentra en su mejor momento. Cerraba 2021 siendo una de las artistas más escuchadas de España y se ha consagrado este 2022 como el fenómeno musical del año. Su talento inconmensurable y su habilidad compositiva han atraído todas las miradas y el reconocimiento de la crítica y el público. Prueba de ello es el Premio Odeón que recibió a 'Mejor Artista Revelación Pop', y su nominación en los Premios 40. Además, es la única artista española que abrió este verano los conciertos de la gira mundial de Alicia Keys en Milán y Barcelona. Tras alzarse con el Disco de Platino por el single 'La Tirita', su segundo álbum 'SUPERPOP' se posicionó número uno en ventas en España. Junto a temas como 'FUCK OFF' o 'Camaleón', reúne toda una declaración de intenciones sobre un nuevo sonido y una forma de debatir con toda una generación sobre el amor, la decepción y la salud mental. Un disco brillante y repleto de éxitos, que suma más de 50 millones de escuchas, y con el que ya ha recorrido más de 30 salas y festivales españoles en 2022. ¡Superpoperos os esperamos el 22 de enero!",Teatro Circo Price,['1'],RONDA,ATOCHA,35.0,PALOS DE MOGUER,40.40596423138839,-3.698601359753866,ProgramacionDestacadaAgendaCultura
103,11854884,Belén Municipal en CentroCentro,"Acceso gratuito previa retirada de invitación en taquilla (planta 2) o reserva digital (coste de gestión 0,5 euros) Máximo 4 invitaciones por persona Reserva online disponible próximamente",0,"['L', 'M', 'X', 'J', 'V', 'S', 'D']",2022-11-24 00:00:00.0,2023-01-05 23:59:00.0,-,-,CentroCentro,['1'],PLAZA,CIBELES,1.0,LOS JERONIMOS,40.419011767401095,-3.692206111679657,ProgramacionDestacadaAgendaCultura
124,11693997,Camerino,Entrada libre,1,"['M', 'X', 'J', 'V', 'S', 'D']",2022-11-18 00:00:00.0,2023-07-30 23:59:00.0,-,-,Naves Español en Matadero,['1.6'],PASEO,CHOPERA,14.0,CHOPERA,40.39241374953321,-3.697247685884226,Exposiciones
133,11830277,Carlos Núñez,Platea: 37 euros Preferente frontal A/B filas 1-4: 37 euros Preferente frontal A/B filas 5-11: 32 euros Preferente frontal C/D filas 1-11: 32 euros Preferente escenario: 37 euros Grada: 24 euros Silla de ruedas: 32 euros,0,-,2023-01-14 00:00:00.0,2023-01-14 23:59:00.0,20:00,"Carlos Núñez ha vendido más de 1 millón de discos y ha llevado la gaita a los tres grandes templos de la música: Musikverein de Viena, Royal Albert Hall de Londres y Carnegie Hall de NuevaYork. ¿Queremos referencias internacionales? La BBC lo considera 'uno de los músicos más excitantes y serios del mundo'. Le Monde ha publicado su foto en portada encabezando una gran noche celta ante 80.000 personas en el Stade de France. The Times le ha concedido críticas de 5 estrellas y en EE.UU. y los medios lo comparan de forma recurrente con Hendrix y Coltrane... Ha colaborado con artistas de todos los géneros: desde Serrat a su 'paisano' Julio Iglesias, de Ry Cooder o Jordi Savall a Carlinhos Brown, pasando por Luz Casal, Montserrat Caballé, Amenábar, Saura o Ryuichi Sakamoto, hasta sus mentores y maestros The Chieftains a los que rendirá homenaje en este concierto. Si nos remontamos a sus inicios, Carlos Núñez decidió aprender, a los ocho años, de los viejos maestros los secretos de la música popular y de la gaita y a los 12 ya fue invitado a tocar como solista con la Orquesta Sinfónica de Lorient una composición del irlandés Shaun Davey. Cuando en 1996 publicó A irmandade das estrelas, su primer álbum en solitario, Carlos Núñez ya era un artista reconocido en todo el mundo. El disco vendió más de 100.000 ejemplares en España y significó la mayoría de edad de la world music en nuestro país. Después vinieron los siguientes álbumes: Os amores libres, Mayo longo, Todos os Mundos, Alma de Fisterra, Cinema do mar, Alborada do Brasil? Carlos Núñez se ha convertido en uno de los grandes de la música popular mundial por su capacidad para traspasar fronteras, reunir músicos de diferentes países y estilos y crear una música personal, enraizada y pluricultural. Es ya un imprescindible que no ha fallado en siete ediciones de Inverfest y a quien acogemos con todo el cariño y ovación del público. El Teatro Circo Price será partícipe de este nuevo homenaje a la vida y a la música. ¡No puedes perder esta oportunidad de verle!",Teatro Circo Price,['1'],RONDA,ATOCHA,35.0,PALOS DE MOGUER,40.40596423138839,-3.698601359753866,ProgramacionDestacadaAgendaCultura
135,11693880,Carnación,25 euros,0,"['M', 'X', 'J', 'V', 'S', 'D']",2022-12-03 00:00:00.0,2022-12-10 23:59:00.0,19:00,-,Naves Español en Matadero,['1.6'],PASEO,CHOPERA,14.0,CHOPERA,40.39241374953321,-3.697247685884226,DanzaBaile
142,11768391,Celso Giménez. Las niñas zombi,14 euros,0,"['L', 'M', 'X', 'J', 'V', 'S', 'D']",2023-06-01 00:00:00.0,2023-06-11 23:59:00.0,-,-,Centro de Cultura Contemporánea Conde Duque,['1'],CALLE,CONDE DUQUE,9.0,UNIVERSIDAD,40.42802889001877,-3.710182353581842,ProgramacionDestacadaAgendaCultura
147,11830284,Christina Rosenvinge,Platea: 28 euros Preferente: frontal: 24 euros Preferente escenario: 28 euros Grada: 22 euros Silla de ruedas: 24 euros,0,-,2023-01-25 00:00:00.0,2023-01-25 23:59:00.0,20:00,"Treinta años después, Rosenvinge recupera el disco con el que irrumpió en el universo hispanoparlante, una oportunidad única para revivir 'Tu por mí', 'Voy en tu coche', 'Alguien que cuide de mí' o '1000 pedazos', canciones que representan a toda una generación, y a los que las descubrieron después. Cristina Rosenvinge celebra 30 años de su disco 'Que me parta un rayo' En la historia de la música hay discos que se presentan como imprescindibles para entender mucho más que el universo de sus canciones. Que me parta un rayo (1992) marcó un antes y un después en el panorama nacional e internacional. A través de diez canciones, hoy convertidas en himnos transgeneracionales, Christina Rosenvinge conectó con las mentes y corazones de un público huérfano de referentes femeninos ante la atenta mirada de un sistema cultural eminentemente masculino. Acompañada por Los Subterráneos, un proyecto de banda abierta, la artista madrileña recorrió escenarios de las principales ciudades latinoamericanas y españolas dejando una huella imborrable en su público, una huella que animó a mujeres de todo el mundo a armarse de una guitarra, ponerse al frente de una banda de rock, y clamar a los cuatro vientos su propia experiencia. Desde entonces hasta hoy, Christina no ha parado quieta. En su historial figuran más de diez discos de estudio, que incluyen el Premio Nacional de las Músicas Actuales por 'Un hombre Rubio' (2018); el libro 'Debut' en el que recopila 26 años de letras, textos y un ensayo donde conecta música y literatura; el papel principal y la composición de la banda sonora de 'Karen', la película que cuenta la historia de Karen Blixen y, también como protagonista y compositora de la música, su labor en SAFO, la obra de teatro que está actualmente en cartelera con excelentes críticas.",Teatro Circo Price,['1'],RONDA,ATOCHA,35.0,PALOS DE MOGUER,40.40596423138839,-3.698601359753866,ProgramacionDestacadaAgendaCultura
178,11808900,Circo Price en Navidad,A la venta el 20 de octubre,0,"['M', 'X', 'J', 'V', 'S', 'D']",2022-11-25 00:00:00.0,2023-01-07 23:59:00.0,-,-,Teatro Circo Price,['1'],RONDA,ATOCHA,35.0,PALOS DE MOGUER,40.40596423138839,-3.698601359753866,ProgramacionDestacadaAgendaCultura
180,11711262,Ciudad Adentro,Entrada gratuita,0,"['M', 'X', 'J', 'V', 'S', 'D']",2022-09-15 00:00:00.0,2022-12-18 23:59:00.0,-,-,CentroCentro,['1'],PLAZA,CIBELES,1.0,LOS JERONIMOS,40.419011767401095,-3.692206111679657,ProgramacionDestacadaAgendaCultura
181,11772266,Ciudades I (Paisajes en construcción),6 euros (tanto niños como adultos),0,-,2022-12-17 00:00:00.0,2022-12-17 23:59:00.0,12:00,-,Espacio Abierto Quinta de los Molinos,['1.6'],CALLE,JUAN IGNACIO LUCA DE TENA,20.0,EL SALVADOR,40.44774002225867,-3.629287454229164,DanzaBaile
184,11772269,Ciudades II (Arquitecturas en movimiento),6 euros (tanto niños como adultos),0,-,2022-12-17 00:00:00.0,2022-12-17 23:59:00.0,17:00,-,Espacio Abierto Quinta de los Molinos,['1.6'],CALLE,JUAN IGNACIO LUCA DE TENA,20.0,EL SALVADOR,40.44774002225867,-3.629287454229164,DanzaBaile
201,11830286,Club del Rio,Platea: 28 euros Preferente: frontal: 25 euros Preferente escenario: 28 euros Grada: 22 euros Silla de ruedas: 25 euros,0,-,2023-01-15 00:00:00.0,2023-01-15 23:59:00.0,19:00,"Club del Río llega al final de una gira cargada de magia y alegría. Sus canciones son una ventana abierta, un lugar maravilloso donde se reúnen seis músicos de Madrid yen un espacio en el cual la música fluye sin ataduras. Club del Río es un grupo de amigos (Esteban de Bergia, Alvaro Ayuso, Juan Feo, Juan Serra, Álvaro Baños y Adriano Pezzi) que, con el paso de los años y después de varios periodos musicales y experimentación, ha profesionalizado su banda. 'Lejos contigo'(2021) es su cuarto albúm, que viene procedidos por 'Monzón' (2014), 'Un Sol Dentro' (2016) y 'Sustancia' (2018). Ellos se definen como 'el grupo donde nos gusta vivir, tocar y reír, pasar los días y mirar el río, en su amplitud, en su discurrir'. Para el grupo es vital que la música refleje las vivencias y la búsqueda continua de un sentido de vivir. Club del Río dibuja un folk luminoso y optimista, lleno de matices y de influencias varias que aderezan con unos juegos vocales brillantes y unos arreglos que convierten sus canciones en maravillas instantáneas. Una hermosa anomalía. En este concierto de despedida les acompañarán varios artistas que irán revelando en las semanas previas su broche final de la gira 'Contigo Lejos'",Teatro Circo Price,['1'],RONDA,ATOCHA,35.0,PALOS DE MOGUER,40.40596423138839,-3.698601359753866,ProgramacionDestacadaAgendaCultura
210,11806314,Comunicarnos mejor,Gratuita con inscripción previa,0,['J'],2022-11-03 00:00:00.0,2023-02-02 23:59:00.0,11:30,-,Matadero Madrid,['1'],PLAZA,LEGAZPI,8.0,CHOPERA,40.3910548685872,-3.695807289289216,-
242,11735865,Control freak,Próximamente más información,0,"['V', 'S', 'D']",2023-01-06 00:00:00.0,2023-01-08 23:59:00.0,-,-,Fernán Gómez Centro Cultural de la Villa,['1.6'],PLAZA,COLON,4.0,RECOLETOS,40.42492634761077,-3.689920851966343,ProgramacionDestacadaAgendaCultura
258,11693939,Coronada y el toro,20 euros,0,"['M', 'X', 'J', 'V', 'S', 'D']",2023-03-17 00:00:00.0,2023-04-15 23:59:00.0,-,-,Naves Español en Matadero,['1.6'],PASEO,CHOPERA,14.0,CHOPERA,40.39241374953321,-3.697247685884226,TeatroPerformance
263,11851534,Creación de fanzines poéticos,10 euros (más gastos de gestión). Sólo se devolverá el importe de la matrícula en caso de que la organización cancele la actividad.,0,-,2023-01-07 00:00:00.0,2023-01-07 23:59:00.0,11:30,-,Matadero Madrid,['1'],PLAZA,LEGAZPI,8.0,CHOPERA,40.3910548685872,-3.695807289289216,-
269,11768355,Cris Blanco 'Grandissima Illusione',14 euros,0,-,2023-01-27 00:00:00.0,2023-01-27 23:59:00.0,20:00,-,Centro de Cultura Contemporánea Conde Duque,['1'],CALLE,CONDE DUQUE,9.0,UNIVERSIDAD,40.42802889001877,-3.710182353581842,TeatroPerformance
271,11735862,CUARENTA? (Mensajes desde el horizonte de sucesos),Próximamente más información,0,"['M', 'X', 'J', 'V', 'S', 'D']",2023-01-11 00:00:00.0,2023-01-15 23:59:00.0,-,-,Fernán Gómez Centro Cultural de la Villa,['1.6'],PLAZA,COLON,4.0,RECOLETOS,40.42492634761077,-3.689920851966343,ProgramacionDestacadaAgendaCultura
275,11737436,Cuentos danzantes,30 euros las 3 sesiones (más gastos de gestión). Solo se devolverá el importe de la matrícula en caso de cancelación de la actividad.,0,"['J', 'D']",2022-10-09 00:00:00.0,2022-12-18 23:59:00.0,-,-,Matadero Madrid,['1'],PLAZA,LEGAZPI,8.0,CHOPERA,40.3910548685872,-3.695807289289216,-
281,11768379,Daniel Abreu. Dalet (DA),14 euros,0,"['V', 'S']",2023-04-28 00:00:00.0,2023-04-29 23:59:00.0,20:00,-,Centro de Cultura Contemporánea Conde Duque,['1'],CALLE,CONDE DUQUE,9.0,UNIVERSIDAD,40.42802889001877,-3.710182353581842,ProgramacionDestacadaAgendaCultura
282,11735892,Daniela Astor y la Caja Negra,Próximamente más información,0,"['M', 'X', 'J', 'V', 'S', 'D']",2023-03-09 00:00:00.0,2023-03-26 23:59:00.0,-,-,Fernán Gómez Centro Cultural de la Villa,['1.6'],PLAZA,COLON,4.0,RECOLETOS,40.42492634761077,-3.689920851966343,ProgramacionDestacadaAgendaCultura
299,11806302,Deja la huella de tu vida. Escribe tus memorias,Gratuita con inscripción previa,0,['L'],2022-11-07 00:00:00.0,2022-11-28 23:59:00.0,-,-,Casa del Lector,['3'],PASEO,CHOPERA,14.0,CHOPERA,40.39343275613288,-3.6985778802913103,CursosTalleres
301,11735853,Del teatro y otros males? Que acechan en los corrales,Próximamente más información,0,"['M', 'X', 'J', 'V', 'S', 'D']",2022-12-15 00:00:00.0,2023-01-01 23:59:00.0,-,-,Fernán Gómez Centro Cultural de la Villa,['1.6'],PLAZA,COLON,4.0,RECOLETOS,40.42492634761077,-3.689920851966343,ProgramacionDestacadaAgendaCultura
302,11830279,Depedro,Platea: 30 euros Preferente frontal: 25 euros Preferente escenario: 30 euros Grada: 22 euros Silla de ruedas: 25 euros,0,-,2023-01-20 00:00:00.0,2023-01-20 23:59:00.0,20:00,"DEPEDRO PRESENTA 'MÁQUINA DE PIEDAD' El álbum 'Máquina de piedad' es el último proyecto musical de Depedro que acoge temas como 'Máquina de piedad' o 'Noche Oscura' (canción en la que Depedro se reencuentra con Leiva), un tema donde las voces de ambos sobrevuelan sobre el sonido de las guitarras eléctricas. DEPEDRO es el proyecto musical de Jairo Zavala, iniciado en 2008 con el disco 'Depedro' grabado con la banda estadounidense CALEXICO en Tucson (Arizona), colaboración que continua al estar presentes en todos los discos hasta ahora y se hace mutua al ser el guitarra de la banda. Desde ese momento hasta hoy el proyecto fronterizo de DEPEDRO ha volcado influencias musicales, estéticas y culturales de Latinoamérica, África, el mediterráneo o estados unidos en una carrera musical que alcanza ya siete discos largos ('Depedro' 'Nubes de papel' 'la increíble historia de un hombre bueno' 'El pasajero' y 'Todo va a salir bien' 'Érase una vez' y 'Maquina de piedad'), varios Eps y singles, así como el documental 'Casamance' sobre su viaje musical a Senegal junto a Ángel Carmona (radio3) de la realizadora Paloma Zapata. Su música le ha llevado a los cinco continentes, giras por todo el continente americano, Estados unidos, México, Argentina, centro América, Brasil, Australia, Nueva Zelanda, China, África, toda Europa, Rusia? Sus discos están publicados en mas de 30 países. Sus colaboraciones son con músicos de todo el mundo en diferentes idiomas y procedentes de muchas culturas, ese es uno de los sellos de identidad del artista.",Teatro Circo Price,['1'],RONDA,ATOCHA,35.0,PALOS DE MOGUER,40.40596423138839,-3.698601359753866,ProgramacionDestacadaAgendaCultura
321,11693847,Don Ramón María del Valle-Inclán,De 6 a 22 euros,0,"['M', 'X', 'J', 'V', 'S', 'D']",2023-03-02 00:00:00.0,2023-04-09 23:59:00.0,-,-,Teatro Español,['1.6'],CALLE,PRINCIPE,25.0,CORTES,40.41482868269558,-3.7001663599562105,TeatroPerformance
332,11772347,Ejes y manejes,5 euros,0,-,2022-11-27 00:00:00.0,2022-11-27 23:59:00.0,12:00,-,Espacio Abierto Quinta de los Molinos,['1.6'],CALLE,JUAN IGNACIO LUCA DE TENA,20.0,EL SALVADOR,40.44774002225867,-3.629287454229164,CursosTalleres
342,11806308,El arte para vivir mejor,Gratuita con inscripción previa,1,['X'],2022-11-02 00:00:00.0,2023-02-01 23:59:00.0,-,Horario Primer grupo: 10:30 horas a 12:00 horas (90 minutos) | Segundo grupo: 12:00 horas a 13:30 horas (90 minutos),Casa del Lector,['3'],PASEO,CHOPERA,14.0,CHOPERA,40.39343275613288,-3.6985778802913103,CursosTalleres
344,11735880,"El Avaro, de Molière",Próximamente más información,0,"['M', 'X', 'J', 'V', 'S', 'D']",2023-02-09 00:00:00.0,2023-02-19 23:59:00.0,-,-,Fernán Gómez Centro Cultural de la Villa,['1.6'],PLAZA,COLON,4.0,RECOLETOS,40.42492634761077,-3.689920851966343,ProgramacionDestacadaAgendaCultura
351,11768367,El Conde de Torrefiel 'una imagen interior',18 euros,0,-,2023-03-16 00:00:00.0,2023-03-16 23:59:00.0,20:00,-,Centro de Cultura Contemporánea Conde Duque,['1'],CALLE,CONDE DUQUE,9.0,UNIVERSIDAD,40.42802889001877,-3.710182353581842,ProgramacionDestacadaAgendaCultura
355,11768283,El espacio en blanco: placer y descubrimiento del cuerpo de las mujeres,Gratuito con previa descarga de invitación una semana antes de la actividad,0,-,2023-04-18 00:00:00.0,2023-04-18 23:59:00.0,19:30,-,Centro de Cultura Contemporánea Conde Duque,['1'],CALLE,CONDE DUQUE,9.0,UNIVERSIDAD,40.42802889001877,-3.710182353581842,ConferenciasColoquios
369,11830298,El Niño de Elche,Platea: 26 euros Preferente: frontal: 24 euros Preferente escenario: 26 euros Grada: 22 euros Silla de ruedas: 24 euros,0,-,2023-01-26 00:00:00.0,2023-01-26 23:59:00.0,20:00,"EL NIÑO DE ELCHE PRESENTA SU 'CONCERT DE MÚSIKA FESTERA' Francisco Contreras 'Niño de Elche' es una de las voces más distintivas del flamenco contemporáneo, arrastrando el folclore hacia la era moderna. Política, poética y estéticamente impactante, su música fusiona la música tradicional española con sonidos actuales y electrónicos, así como con la poesía fonética y las formas experimentales. Poeta reconocido y reciente colaborador del icono del pop español C. Tangana, su ?Concert de músika festera? es un viaje a través de la música de las fiestas populares, 'donde bailar o morir es un lema de supervivencia' y donde 'la noche y las horas previas al amanecer no son sólo momentos del día, sino formas de vida'. Críptico, sugerente e intrigante: así es la nueva propuesta de Niño de Elche, para la que se acompañará en esta ocasión de Ylia y la Banda de Moros y Cristianos de Colmenar Viejo. El Niño de Elche ha empezado a dar detalles de su próximo álbum 'Flamenco. Mausoleo de celebración, amor y muerte' que saldrá próximamente. En el proyecto añade muchos nombres propios como la poetisa Angélica Liddell, el guitarrista Yeray Cortés, la bailaora Rocío Molina o la mismísima Rosalía. 'Flamenco. Mausoleo de celebración, amor y muerte' es el décimo álbum del artista. Lo preceden: 'La Exclusión', 'Memorial de cante en mis bodas de plata con el flamenco', 'Colombiana', 'Antología del cante flamenco heterodoxo', 'Strates', 'Voces del extremo', 'Calle de Arriba, 73', 'Sí, a Miguel Hernández' y 'Mis primeros llantos'. Según Contreras, este álbum está conformado por 'catorce cantes, catorce cortes, catorce heridas, catorce llaves, catorce formas de celebrar el amor y la muerte'. Fuente: https://www.mondosonoro.com/noticias-actualidad-musical/nino-de-elche-proximo-album/",Teatro Circo Price,['1'],RONDA,ATOCHA,35.0,PALOS DE MOGUER,40.40596423138839,-3.698601359753866,ProgramacionDestacadaAgendaCultura
385,11693864,El sueño de la razón,De 6 a 22 euros,0,"['M', 'X', 'J', 'V', 'S', 'D']",2023-06-09 00:00:00.0,2023-07-09 23:59:00.0,-,-,Teatro Español,['1.6'],CALLE,PRINCIPE,25.0,CORTES,40.41482868269558,-3.7001663599562105,TeatroPerformance
386,11735856,El viaje de Isabela,Próximamente más información,0,"['J', 'V', 'S', 'D']",2022-12-22 00:00:00.0,2022-12-25 23:59:00.0,-,-,Fernán Gómez Centro Cultural de la Villa,['1.6'],PLAZA,COLON,4.0,RECOLETOS,40.42492634761077,-3.689920851966343,ProgramacionDestacadaAgendaCultura
394,11768268,En busca del aburrimiento perdido,Gratuito con previa descarga de invitación una semana antes de la actividad,0,-,2023-03-22 00:00:00.0,2023-03-22 23:59:00.0,19:30,-,Centro de Cultura Contemporánea Conde Duque,['1'],CALLE,CONDE DUQUE,9.0,UNIVERSIDAD,40.42802889001877,-3.710182353581842,ConferenciasColoquios
395,11768223,En compañía de la soledad,Gratuito con previa descarga de invitación una semana antes de la actividad,0,-,2023-01-31 00:00:00.0,2023-01-31 23:59:00.0,19:30,-,Centro de Cultura Contemporánea Conde Duque,['1'],CALLE,CONDE DUQUE,9.0,UNIVERSIDAD,40.42802889001877,-3.710182353581842,RecitalesPresentacionesActosLiterarios
398,11765043,Encuentros con el público 2022/23,Entrada libre hasta completar aforo ,0,"['M', 'X', 'J', 'V', 'S', 'D']",2022-09-13 00:00:00.0,2023-06-20 23:59:00.0,-,-,Teatro Español,['1.6'],CALLE,PRINCIPE,25.0,CORTES,40.41482868269558,-3.7001663599562105,ProgramacionDestacadaAgendaCultura
406,11839912,Escribamos un cuento en familia,5 euros por persona (más gastos de gestión). Sólo se devolverá el importe de la matrícula en caso de que la organización cancele la actividad,0,['D'],2022-11-20 00:00:00.0,2022-12-18 23:59:00.0,-,-,Matadero Madrid,['1'],PLAZA,LEGAZPI,8.0,CHOPERA,40.3910548685872,-3.695807289289216,CursosTalleres
417,11735841,Espaldas de plata,Próximamente más información,0,"['M', 'X', 'J', 'V', 'S', 'D']",2022-11-10 00:00:00.0,2022-11-27 23:59:00.0,-,-,Fernán Gómez Centro Cultural de la Villa,['1.6'],PLAZA,COLON,4.0,RECOLETOS,40.42492634761077,-3.689920851966343,ProgramacionDestacadaAgendaCultura
420,11693844,Espectros,18 euros,0,"['M', 'X', 'J', 'V', 'S', 'D']",2023-01-26 00:00:00.0,2023-03-05 23:59:00.0,-,-,Teatro Español,['1.6'],CALLE,PRINCIPE,25.0,CORTES,40.41482868269558,-3.7001663599562105,TeatroPerformance
424,11768358,Eurípides Laskaridis «Relic»,18 euros,0,"['X', 'J']",2023-02-01 00:00:00.0,2023-02-02 23:59:00.0,20:00,A las 20 horas,Centro de Cultura Contemporánea Conde Duque,['1'],CALLE,CONDE DUQUE,9.0,UNIVERSIDAD,40.42802889001877,-3.710182353581842,ProgramacionDestacadaAgendaCultura
425,11768235,Eva Illouz y el fín del amor,Gratuito con previa descarga de invitación una semana antes de la actividad,0,-,2023-02-14 00:00:00.0,2023-02-14 23:59:00.0,19:30,-,Centro de Cultura Contemporánea Conde Duque,['1'],CALLE,CONDE DUQUE,9.0,UNIVERSIDAD,40.42802889001877,-3.710182353581842,ConferenciasColoquios
458,11850349,Fito &amp; Los Fitipaldis,Platea: 80 euros Preferente frontal A/B filas 1-4: 80 euros Preferente frontal A/B filas 5-11: 68 euros Preferente frontal C/D filas 1-11: 68 euros Preferente escenario: 80 euros Grada: 40 euros Silla de ruedas: 40 euros,0,"['X', 'J', 'S', 'D']",2023-03-15 00:00:00.0,2023-03-19 23:59:00.0,-,-,Teatro Circo Price,['1'],RONDA,ATOCHA,35.0,PALOS DE MOGUER,40.40596423138839,-3.698601359753866,ProgramacionDestacadaAgendaCultura
463,11768187,Frank Ripploh «Taxi Zum Klo»,"3,50 euros",0,-,2022-11-30 00:00:00.0,2022-11-30 23:59:00.0,20:00,-,Centro de Cultura Contemporánea Conde Duque,['1'],CALLE,CONDE DUQUE,9.0,UNIVERSIDAD,40.42802889001877,-3.710182353581842,ProgramacionDestacadaAgendaCultura
465,11831105,Freedom by Soweto Gospel Choir,"35 euros. Discapacidad y acompañante: 25 % de descuento. Jubilados y mayores 65 años, desempleados y familias numerosas: 14 % de descuento. Amigos del FG.CCV y Artistas de cia.: solo 30 entradas por función (todos los días) 30 % de descuento",0,"['X', 'J', 'V']",2022-12-07 00:00:00.0,2022-12-09 23:59:00.0,-,"Días 7, 8 y 9 de diciembre de 2022.",Fernán Gómez Centro Cultural de la Villa,['1.6'],PLAZA,COLON,4.0,RECOLETOS,40.42492634761077,-3.689920851966343,ProgramacionDestacadaAgendaCultura
466,11831099,From Spirituals to Gospel by Bridget Bazile Stars of Gospel,"30 euros. Discapacidad y acompañante: 25 % de descuento. Jubilados y mayores 65 años, desempleados y familias numerosas: 14 % de descuento. Amigos del FG.CCV y Artistas de cia.: solo 30 entradas por función (todos los días) 30 % de descuento.",0,"['V', 'D']",2022-12-02 00:00:00.0,2022-12-04 23:59:00.0,-,Días 2 y 4 de diciembre de 2022.,Fernán Gómez Centro Cultural de la Villa,['1.6'],PLAZA,COLON,4.0,RECOLETOS,40.42492634761077,-3.689920851966343,ProgramacionDestacadaAgendaCultura
480,11831101,GOSPEL4KIDS a cargo de JERRY SMITH GOSPEL SINGERS,10 euros,0,['S'],2022-12-03 00:00:00.0,2022-12-10 23:59:00.0,-,Días 3 y 10 de diciembre de 2022.,Fernán Gómez Centro Cultural de la Villa,['1.6'],PLAZA,COLON,4.0,RECOLETOS,40.42492634761077,-3.689920851966343,ProgramacionDestacadaAgendaCultura
486,11830282,Guitarricadelafuente,Platea: 28 euros Preferente frontal A/B filas 1-4: 28 euros Preferente frontal A/B filas 5-11: 23 euros Preferente frontal C/D filas 1-11: 26 euros Preferente escenario: 28 euros Grada: 24 euros Silla de ruedas: 26 euros,0,"['S', 'D']",2023-02-04 00:00:00.0,2023-02-05 23:59:00.0,20:00,"Sábado: Inicio de concierto: 20 h Domingo: Inicio de concierto: 19:30 h Guitarricadelafuente presenta su primer álbum, La cantera, un trabajo en el que se puede encontrar la esencia pura de este artista. Poseedor de un talento peculiar y seductor, su extrema originalidad le convierte en uno de los talentos más prometedores del momento. Muchos son los elementos de Álvaro Lafuente que remiten a sus raíces, comenzando por el diminutivo de su nombre artístico, que fluye desde el pueblo aragonés de sus abuelos o esa inseparable guitarra acústica que también le bautizó. El parón de la pandemia le situó en un punto de vista distinto frente a sus canciones, las cuales ya no salen directamente de su guitarra, sino que se someten a un cuidado proceso creativo, para jugar con las estructuras y reinventarse en el estudio. Ese estilo tan personal que le hizo explotar desde la muy casera El conticinio (2018), grabada en su habitación con un micrófono de Singstar. Pero ahora sin tapujos flirtea con la electrónica y los sonidos urbanos. Su primera gira, La Girica, la empezó en 2019 y la continuó en 2020. Visitó distintas ciudades y festivales de España, con el papel agotado en muchos de sus conciertos. En 2020, fue nominado a tres categorías de los Premios MIN de la Música Independiente: Mejor Artista Emergente, Mejor Canción del Año por Agua y mezcal y Mejor Videoclip por Guantanamera. Del nuevo álbum se han podido degustar maravillas como Mil y una noches, Vidalita del mar y Quién encendió la luz ?su mascarón de proa?, una serie de avances que ahora completa con A carta cabal. El nuevo sencillo, que se estrena el mismo día que el disco, es un tema tan enigmático como su videoclip, pero, sobre todo una singularidad extraordinaria en un músico de su juventud. 'La Cantera representa el relevo de la juventud en cada generación, como una chispa que siempre has llevado dentro y prende para quedarse viva, como un relato sobre los muchachos que abrazan su origen y se enorgullecen de él', explica Álvaro Lafuente.",Teatro Circo Price,['1'],RONDA,ATOCHA,35.0,PALOS DE MOGUER,40.40596423138839,-3.698601359753866,ProgramacionDestacadaAgendaCultura
493,11735874,HISTORIA DE UNA MAESTRA,Próximamente más información,0,"['M', 'X', 'J', 'V', 'S', 'D']",2023-01-19 00:00:00.0,2023-02-05 23:59:00.0,-,-,Fernán Gómez Centro Cultural de la Villa,['1.6'],PLAZA,COLON,4.0,RECOLETOS,40.42492634761077,-3.689920851966343,ProgramacionDestacadaAgendaCultura
498,11768202,Hong Sang-Soo «The Novelist?s film»,"3,50 euros",0,-,2022-12-14 00:00:00.0,2022-12-14 23:59:00.0,20:00,-,Centro de Cultura Contemporánea Conde Duque,['1'],CALLE,CONDE DUQUE,9.0,UNIVERSIDAD,40.42802889001877,-3.710182353581842,ProgramacionDestacadaAgendaCultura
511,11735915,III DANZA EN LA VILLA,Más información sobre precios y programación en próximas fechas.,0,"['M', 'X', 'J', 'V', 'S', 'D']",2023-06-13 00:00:00.0,2023-06-25 23:59:00.0,-,-,Fernán Gómez Centro Cultural de la Villa,['1.6'],PLAZA,COLON,4.0,RECOLETOS,40.42492634761077,-3.689920851966343,ActividadesCalleArteUrbano
520,11772281,Ilustración con plástico mágico: ¡Diseña y crea tu propio pin! 2,5 euros,0,"['L', 'M', 'X', 'J', 'V', 'S', 'D']",2022-10-15 00:00:00.0,2022-12-03 23:59:00.0,-,-,Espacio Abierto Quinta de los Molinos,['1.6'],CALLE,JUAN IGNACIO LUCA DE TENA,20.0,EL SALVADOR,40.44774002225867,-3.629287454229164,CursosTalleres
533,11785670,Investigactiva Especial Magnetismo,10 euros (más gastos de gestión). Sólo se devolverá el importe de la matrícula en caso de que la organización cancele la actividad.,0,"['S', 'D']",2022-10-16 00:00:00.0,2022-12-17 23:59:00.0,-,-,Casa del Lector,['3'],PASEO,CHOPERA,14.0,CHOPERA,40.39343275613288,-3.6985778802913103,CursosTalleres
534,11768259,IRATXE FRESNEDA «TETUÁN»,"3,50 euros",0,-,2023-03-15 00:00:00.0,2023-03-15 23:59:00.0,-,-,Centro de Cultura Contemporánea Conde Duque,['1'],CALLE,CONDE DUQUE,9.0,UNIVERSIDAD,40.42802889001877,-3.710182353581842,ProgramacionDestacadaAgendaCultura
537,11830288,Israel Fernández,Platea: 30 euros Preferente frontal A/B filas 1-4: 30 euros Preferente frontal A/B filas 5-11: 25 euros Preferente frontal C/D filas 1-11: 25 euros Preferente escenario: 30 euros Grada: 22 euros Silla de ruedas: 25 euros,0,-,2023-02-01 00:00:00.0,2023-02-01 23:59:00.0,20:00,"El cantaor, compositor y músico flamenco Israel Fernández vuelve al Teatro Circo Price para presentar su nuevo trabajo. Su voz, tan llena de matices, ha conquistado los oídos de varias generaciones. Con un pie en la tradición y otro en la contemporaneidad y tras una exitosa junto al guitarrista Diego del Morao en el disco ?Amor? viene con su trabajo más personal en el que muestra su visión más íntima del entorno que lo rodea y de su manera de interactuar con el mundo exterior. Israel Fernández (Corral de Almaguer, 1989), artista gitano con ascendencia andaluza, ha publicado varios álbumes, como ?Universo Pastora? y 'Amor' donde comenzó a desarrollar esta mirada. También ha grabado un video en el estudio Colors, como Billie Eilish, Maluma y Kidd Keo, pero cantando flamenco al compás que dictan los nudillos. Su puesta en escena, personal y cuidada, le ha ayudado a la hora de consolidarse como una de las últimas grandes revelaciones. Diego del Morao (Jerez de la Frontera, 1979), uno de los guitarristas flamencos más reconocidos del momento, tanto a nivel nacional como Internacional, ha sido capaz de mantener la escuela familiar y sobre ella crear su propia música, posiblemente su toque sea uno de los más reconocibles entre los guitarristas actuales. Hijo de Moraíto Chico y, por lo tanto, parte de una de las sagas guitarrísticas más importantes de la historia reciente del flamenco, ha acompañado a artistas como Diego El Cigala, Niña Pastori, José Mercé, Marina Heredia, Duquende o el propio Paco de Lucía El artista ha sido galardonado con un Premio Odeón al Mejor Álbum de Flamenco? por Amor (2021) y nominado a los premios Latin Grammy? como Mejor Álbum De Música Flamenca (2021). Su trayectoria, más que asentada, promete un exitoso porvenir.",Teatro Circo Price,['1'],RONDA,ATOCHA,35.0,PALOS DE MOGUER,40.40596423138839,-3.698601359753866,ProgramacionDestacadaAgendaCultura
539,11735910,IV Festival Música Antigua Madrid,Más información sobre precios y programación en próximas fechas.,0,"['L', 'M', 'X', 'J', 'V', 'S', 'D']",2023-06-06 00:00:00.0,2023-06-11 23:59:00.0,-,-,Fernán Gómez Centro Cultural de la Villa,['1.6'],PLAZA,COLON,4.0,RECOLETOS,40.42492634761077,-3.689920851966343,ProgramacionDestacadaAgendaCultura
540,11830273,Izaro,Platea: 26 euros Preferente: frontal: 24 euros Preferente escenario: 26 euros Grada: 22 euros Silla de ruedas: 24 euros,0,-,2023-01-27 00:00:00.0,2023-01-27 23:59:00.0,20:00,"Con este concierto en el Teatro Circo Price, IZARO pone fin a la gira 'Limones de oro' que inició en el Velódromo de Anoeta de San Sebastián ante 6000 personas y que ha pasado por París, Buenos Aires, Helsinki y más de 20 ciudades españolas. En esta ocasión le acompañarán sobre el escenario algunas de las artistas que han participado en su último disco, como Amaral o Cris Belako. Pronto anunciará más sorpresas para lo que promete ser un final auténticamente feliz. Nadie duda que es el momento de IZARO. Unos días después del lanzamiento de su quinto single (La Felicidad junto a Daymé Arocena), ya se puede comprobar la ambición, el cariño y la sensibilidad que irradia su cuarto trabajo de estudio, 'Limones de oro', un compendio de colaboraciones y encuentros felices de su repertorio con amigas y artistas admiradas y por donde asoman dos joyitas, dos canciones nuevas. 'Limones de Oro', es un disco muy especial en el que IZARO a través de diversas colaboraciones reúne voces y mentes que le inspiran, que le atraen y le sugieren desde lo artístico y lo humano. Está formado por 16 canciones en las que IZARO canta con artistas llegadas de Mexico (Alex Ferreira, Bratty, Silver Rose), Cuba (Daymé Arocena), Brasil (Duda in the sky), España (Zahara, Pedro Pastor, Xoel López, Rozalén, Amaral) o del País Vasco ( Cris Belako, Eñaut Elorrieta, Mikel Urdangarin, Gartxot, Eñaut Gaztañaga). Este trabajo es un proyecto repleto de ilusión y positividad. Un disco que consolidará a Izaro como una de las jóvenes voces femeninas más relevantes de la escena, a nivel nacional e internacional. Este disco es una colección de favoritos. Una segunda vida de aquel trabajo 'Limones en Invierno' que pretende simbolizar la importancia de prestar atención a lo que a una le hace feliz, y de intentar hacerlo. 16 canciones, 15 colaboraciones, una pequeña colección de cumple sueños. 13 canciones de la discografía de la artista, 2 canciones nuevas y una adaptación.",Teatro Circo Price,['1'],RONDA,ATOCHA,35.0,PALOS DE MOGUER,40.40596423138839,-3.698601359753866,ProgramacionDestacadaAgendaCultura
546,11790648,Japan desu (exposición),Acceso libre hasta completar aforo,0,"['M', 'X', 'J', 'V', 'S', 'D']",2022-10-19 00:00:00.0,2022-12-04 23:59:00.0,-,-,Matadero Madrid,['1'],PLAZA,LEGAZPI,8.0,CHOPERA,40.3910548685872,-3.695807289289216,-
548,11768382,Javiera de la Fuente «Envioletá»,12 euros,0,-,2023-05-04 00:00:00.0,2023-05-04 23:59:00.0,20:00,-,Centro de Cultura Contemporánea Conde Duque,['1'],CALLE,CONDE DUQUE,9.0,UNIVERSIDAD,40.42802889001877,-3.710182353581842,ProgramacionDestacadaAgendaCultura
553,11768346,"Jorge Dutor, Guillem Mont de Palol y Cris Blanco «lo pequeño»",12 euros,0,-,2022-12-17 00:00:00.0,2022-12-17 23:59:00.0,18:00,-,Centro de Cultura Contemporánea Conde Duque,['1'],CALLE,CONDE DUQUE,9.0,UNIVERSIDAD,40.42802889001877,-3.710182353581842,ProgramacionDestacadaAgendaCultura
562,11768130,Julius Heinemann «Pueblo Potemkin»,Acceso libre,0,"['L', 'M', 'X', 'J', 'V', 'S', 'D']",2022-10-07 00:00:00.0,2022-12-04 23:59:00.0,-,-,Centro de Cultura Contemporánea Conde Duque,['1'],CALLE,CONDE DUQUE,9.0,UNIVERSIDAD,40.42802889001877,-3.710182353581842,ProgramacionDestacadaAgendaCultura
563,11768388,JÉRÔME BEL «GALA»,18 euros,0,-,2023-05-19 00:00:00.0,2023-05-21 23:59:00.0,-,-,Centro de Cultura Contemporánea Conde Duque,['1'],CALLE,CONDE DUQUE,9.0,UNIVERSIDAD,40.42802889001877,-3.710182353581842,ProgramacionDestacadaAgendaCultura
567,11830294,Kevin Johansen,Platea: 35 euros Preferente frontal: 32 euros Preferente escenario: 35 euros Grada: 28 euros Silla de ruedas: 32 euros,0,-,2023-02-02 00:00:00.0,2023-02-02 23:59:00.0,20:00,"Kevin Johansen aterrizará en Madrid para presentar su nuevo disco 'Tú Ve'. En el álbum Kevin se reversiona, versiona temas de otros e invita al espectador a ser testigo directo de lo que sucede puertas adentro. En 'Tú Ve Tour', Kevin Johansen nos transporta a través del escenario a la intimidad de su hogar y los encuentros con amigos donde canciones propias y ajenas se vuelven parte de la celebración del encuentro. En este disco, las participaciones de amigos músicos admirados por Johansen son numerosas, podemos encontrar a David Byrne, Natalia Lafourcade, Jorge Drexler, Rubén Rada y Silvia Pérez Cruz con quienes puede compartir momentos musicales, en la intimidad de su casa o un bar en algún lugar del mundo. Y así también canta junto a su hija Wiranda Johansen dos himnos como son Oración al Tiempo, de Caetano Veloso y Perfect Day, de Lou Reed. 'Tú Ve' es conceptual, simple, minimalista y muestra al artista en una faceta más íntima. La música deja espacios y logra llegar a la esencia del sonido de Kevin. El artista se llena de influencias y se carga de estilos y comparte que el secreto de tocar un buen cover es, de alguna manera, transformar la canción en otra cosa. El artista nació en Alaska, de madre argentina y padre norteamericano. Tuvo un breve paso por el rock local argentino con Instrucción Cívica ('Obediencia Debida', 1985, disco de oro en Perú). En 1990, se fue a ?redescubrir? la América del Norte de su infancia y vivió allí casi 10 años. Al poco tiempo de llegar, conoció a Hilly Krystol, dueño de CBGB?s, quien lo invitó a participar de su futuro sello. Durante los ?90, grabó y tocó allí como ?house band?, también en el Knitting Factory y el Mercury Lounge, entre otros. En el 2000, Kevin regresa a Buenos Aires, donde se instala definitivamente y consolida su carrera. Divertidas, profundas, lúdicas, inteligentes, reflexivas, son algunas de las características con las que se pueden definir su música y sus canciones. Un artista de carácter internacional. En Inverfest vas a reconocer a un artista de carácter internacional, una banda sólida forjada a lo largo de los años y un concierto de los más completos que se pueden presenciar hoy",Teatro Circo Price,['1'],RONDA,ATOCHA,35.0,PALOS DE MOGUER,40.40596423138839,-3.698601359753866,ProgramacionDestacadaAgendaCultura
568,11785667,Kimono Joya,Acceso libre,0,"['M', 'X', 'J', 'V', 'S', 'D']",2022-10-04 00:00:00.0,2023-02-19 23:59:00.0,-,-,Matadero Madrid,['1'],PLAZA,LEGAZPI,8.0,CHOPERA,40.3910548685872,-3.695807289289216,-
569,11768265,KMRU &amp; Aho Ssan 'Soundset Series',14 euros,0,-,2023-03-17 00:00:00.0,2023-03-17 23:59:00.0,20:30,-,Centro de Cultura Contemporánea Conde Duque,['1'],CALLE,CONDE DUQUE,9.0,UNIVERSIDAD,40.42802889001877,-3.710182353581842,JOBO
580,11693850,La habitación blanca,18 euros,0,"['M', 'X', 'J', 'V', 'S', 'D']",2023-03-10 00:00:00.0,2023-04-09 23:59:00.0,19:30,-,Teatro Español,['1.6'],CALLE,PRINCIPE,25.0,CORTES,40.41482868269558,-3.7001663599562105,TeatroPerformance
605,11768244,La vida bajo los párpados,Gratuito con previa descarga de invitación una semana antes de la actividad,0,-,2023-02-28 00:00:00.0,2023-02-28 23:59:00.0,19:30,-,Centro de Cultura Contemporánea Conde Duque,['1'],CALLE,CONDE DUQUE,9.0,UNIVERSIDAD,40.42802889001877,-3.710182353581842,ConferenciasColoquios
614,11821687,Las palmeras salvajes,Entrada gratuita previa reserva de invitación.,1,-,2022-11-26 00:00:00.0,2022-11-26 23:59:00.0,18:30,-,CentroCentro,['1'],PLAZA,CIBELES,1.0,LOS JERONIMOS,40.419011767401095,-3.692206111679657,RecitalesPresentacionesActosLiterarios
618,11693904,Lecturas italianas,10 euros,0,"['J', 'V', 'D']",2023-02-04 00:00:00.0,2023-03-05 23:59:00.0,17:00,-,Naves Español en Matadero,['1.6'],PASEO,CHOPERA,14.0,CHOPERA,40.39241374953321,-3.697247685884226,TeatroPerformance
619,11693833,Lecturas Jacinto Benavente,Entrada 1 espectáculo / 15 euros Entrada 2 o más espectáculos / 12 euros,0,"['V', 'D']",2022-11-15 00:00:00.0,2022-12-11 23:59:00.0,17:00,-,Teatro Español,['1.6'],CALLE,PRINCIPE,25.0,CORTES,40.41482868269558,-3.7001663599562105,ProgramacionDestacadaAgendaCultura
622,11737446,Leo Leos ¿Qué lees?,40 euros las cuatro sesiones (más gastos de gestión). Sólo se devolverá el importe de la matrícula en caso de que la organización cancele la actividad.,0,"['L', 'M', 'X', 'J', 'V', 'S', 'D']",2022-09-24 00:00:00.0,2022-12-10 23:59:00.0,-,-,Matadero Madrid,['1'],PLAZA,LEGAZPI,8.0,CHOPERA,40.3910548685872,-3.695807289289216,-
634,11735883,Los desiertos crecen de noche,Próximamente más información,0,"['L', 'M', 'X', 'J', 'V', 'S', 'D']",2023-02-09 00:00:00.0,2023-03-05 23:59:00.0,-,-,Fernán Gómez Centro Cultural de la Villa,['1.6'],PLAZA,COLON,4.0,RECOLETOS,40.42492634761077,-3.689920851966343,ProgramacionDestacadaAgendaCultura
635,11851525,Los duendes y renos de Santa Claus,10 euros por niño (más gastos de gestión). Sólo se devolverá el importe de la matrícula en caso de que la organización cancele la actividad,0,-,2022-12-11 00:00:00.0,2022-12-11 23:59:00.0,11:30,-,Matadero Madrid,['1'],PLAZA,LEGAZPI,8.0,CHOPERA,40.3910548685872,-3.695807289289216,-
636,11830300,Los estanques y Anni B Sweet,Platea: 28 euros Preferente: frontal: 24 euros Preferente escenario: 28 euros Grada: 22 euros Silla de ruedas: 24 euros,0,-,2023-01-18 00:00:00.0,2023-01-18 23:59:00.0,20:00,"LOS ESTANQUES Y ANNI B SWEET PRESENTAN SU ÁLBUM 'BURBUJA CÓMODA Y ELEFANTE INESPERADO' El nuevo tándem Los estanques y Anni B Sweet ha publicado su primer álbum conjunto, bajo el sugerente título 'Burbuja cómoda y elefante inesperado', con el tema 'Caballitos de mar' como focus track. Compuesto por Anni B Sweet e Iñigo Bregel, y producido íntegramente por el propio Bregel, se ha grabado durante el año pasado entre Madrid y las montañas fronterizas de Lanestosa (Euskadi/Cantabria). Han publicado como singles de adelanto 'He bebido tanto que estoy muerto de sed' (donde la calidez vocal de Anni B Sweet contrasta con el ramalazo incontrolable de Los estanques.), el título es un juego de palabras en el que beber es igual a vivir, y la sed equivale al existencialismo del ser humano. 'Brillabas', 'Tu pelo de flores' y el focus track 'Caballitos de mar'. 'Brillabas' es una canción enérgica que invita a salirse de la línea y probar nuevos caminos. Una vez te adentres en su riff pegadizo, envuelto en una atmósfera de aires setenteros, no querrás salir de él. 'Tu pelo de flores' es 'la canción germen' de este prometedor proyecto: fue la primera en ser escrita y refleja la inercia actual por querer tenerlo todo ya mismo, en el instante exacto en que se desea. En cuanto a 'Caballitos de mar', el tema escogido por la banda como focus track del álbum, es una canción triste camuflada en un estribillo lleno de energía y ritmo que recuerda a la Motown de los 60s. 'Cuando la terminas de escuchar tienes más sensación de haber festejado que de haber sufrido una pérdida. Quizá más que un fracaso o una victoria, sea una canción de rabia por lo que pudo ser y nunca fue', destacan. Unión psicodélica LOS ESTANQUES son una banda de pop psicodélico establecida en Madrid, formada por Iñigo Bregel (voz, teclado y guitarra), Germán Herrero (guitarra), Daniel Pozo (bajo) y Andrea Conti (batería). Tras recibir el reconocimiento de la prensa musical y ser nominados a los Premios RUIDO, en 2020 editaron su cuarto disco 'IV', en plena pandemia. Aún así, ofrecieron más de 50 conciertos por todo el país. ANNI B SWEET es una de las artistas más destacadas de la música independiente española. Desde sus tempranas composiciones a los 9 años, la cantautora malagueña afincada en Madrid es hoy referente de nuestra escena folk. Su disco más reciente 'Universo por estrenar' (2019), es el primero que compuso íntegramente en castellano. Este trabajo ha sido galardonado con dos Premios MIN a Mejor Canción y Mejor Producción, y una nominación al MTV EMA",Teatro Circo Price,['1'],RONDA,ATOCHA,35.0,PALOS DE MOGUER,40.40596423138839,-3.698601359753866,ProgramacionDestacadaAgendaCultura
646,11768241,Loscil &amp; Rafael Antón Irisarri «Soundset Series»,14 euros,0,-,2023-02-24 00:00:00.0,2023-02-24 23:59:00.0,20:30,-,Centro de Cultura Contemporánea Conde Duque,['1'],CALLE,CONDE DUQUE,9.0,UNIVERSIDAD,40.42802889001877,-3.710182353581842,ProgramacionDestacadaAgendaCultura
652,11768376,Lía Rodrígues 'Fúria',22 euros,0,"['S', 'D']",2023-04-22 00:00:00.0,2023-04-23 23:59:00.0,20:00,-,Centro de Cultura Contemporánea Conde Duque,['1'],CALLE,CONDE DUQUE,9.0,UNIVERSIDAD,40.42802889001877,-3.710182353581842,ProgramacionDestacadaAgendaCultura
655,11742786,Madrid Diversa,Entrada gratuita,1,"['M', 'X', 'J', 'V', 'S', 'D']",2022-09-29 00:00:00.0,2023-01-29 23:59:00.0,-,-,CentroCentro,['1'],PLAZA,CIBELES,1.0,LOS JERONIMOS,40.419011767401095,-3.692206111679657,ProgramacionDestacadaAgendaCultura
662,11735886,Marat - Sade,Próximamente más información,0,"['M', 'X', 'J', 'V', 'S', 'D']",2023-02-22 00:00:00.0,2023-02-26 23:59:00.0,-,-,Fernán Gómez Centro Cultural de la Villa,['1.6'],PLAZA,COLON,4.0,RECOLETOS,40.42492634761077,-3.689920851966343,ProgramacionDestacadaAgendaCultura
671,11735898,Mañanas de abril y mayo,Próximamente más información,0,"['M', 'X', 'J', 'V', 'S', 'D']",2023-04-13 00:00:00.0,2023-05-14 23:59:00.0,-,-,Fernán Gómez Centro Cultural de la Villa,['1.6'],PLAZA,COLON,4.0,RECOLETOS,40.42492634761077,-3.689920851966343,ProgramacionDestacadaAgendaCultura
673,11735889,Mephisto por ever,Próximamente más información,0,"['M', 'X', 'J', 'V', 'S', 'D']",2023-03-03 00:00:00.0,2023-03-26 23:59:00.0,-,-,Fernán Gómez Centro Cultural de la Villa,['1.6'],PLAZA,COLON,4.0,RECOLETOS,40.42492634761077,-3.689920851966343,ProgramacionDestacadaAgendaCultura
699,11768364,Mucha muchacha 'para cuatro jinetes',14 euros,0,"['L', 'M', 'X', 'J', 'V', 'S', 'D']",2023-02-24 00:00:00.0,2023-02-26 23:59:00.0,20:30,-,Centro de Cultura Contemporánea Conde Duque,['1'],CALLE,CONDE DUQUE,9.0,UNIVERSIDAD,40.42802889001877,-3.710182353581842,ProgramacionDestacadaAgendaCultura
720,11735918,Música en la Villa,Más información sobre precios y programación en próximas fechas,0,"['M', 'X', 'J', 'V', 'S', 'D']",2023-06-28 00:00:00.0,2023-07-02 23:59:00.0,-,-,Fernán Gómez Centro Cultural de la Villa,['1.6'],PLAZA,COLON,4.0,RECOLETOS,40.42492634761077,-3.689920851966343,ProgramacionDestacadaAgendaCultura
722,11693994,Naves del Español 15 años,Entrada libre,0,"['M', 'X', 'J', 'V', 'S', 'D']",2022-10-13 00:00:00.0,2023-07-31 23:59:00.0,-,-,Teatro Español,['1.6'],CALLE,PRINCIPE,25.0,CORTES,40.41482868269558,-3.7001663599562105,ProgramacionDestacadaAgendaCultura
730,11772308,Noone's Land,6 euros (tanto niños como adultos),0,-,2022-11-26 00:00:00.0,2022-11-26 23:59:00.0,18:00,-,Espacio Abierto Quinta de los Molinos,['1.6'],CALLE,JUAN IGNACIO LUCA DE TENA,20.0,EL SALVADOR,40.44774002225867,-3.629287454229164,TeatroPerformance
746,11831103,Oh Madrid Happy Day!! Coro Gospel de Madrid. Directora: Nancy Roncesvalles Artista invitado: Donnie Harper,"20 euros. Discapacidad y acompañante: 25 % de descuento. Jubilados y mayores 65 años, desempleados y familias numerosas: 14 % de descuento. Amigos del FG.CCV y Artistas de cia.: solo 30 entradas por función (todos los días) 30 % de descuento.",0,-,2022-12-11 00:00:00.0,2022-12-11 23:59:00.0,-,Día 11 de diciembre de 2022.,Fernán Gómez Centro Cultural de la Villa,['1.6'],PLAZA,COLON,4.0,RECOLETOS,40.42492634761077,-3.689920851966343,ProgramacionDestacadaAgendaCultura
747,11768361,Olga Pericet 'La Leona',18 euros,0,"['J', 'V', 'S']",2023-02-09 00:00:00.0,2023-02-11 23:59:00.0,20:00,-,Centro de Cultura Contemporánea Conde Duque,['1'],CALLE,CONDE DUQUE,9.0,UNIVERSIDAD,40.42802889001877,-3.710182353581842,ProgramacionDestacadaAgendaCultura
755,11768193,Pan y circo,Acceso gratuito,0,"['M', 'X', 'J', 'V', 'S', 'D']",2022-12-02 00:00:00.0,2023-04-16 23:59:00.0,-,-,Centro de Cultura Contemporánea Conde Duque,['1'],CALLE,CONDE DUQUE,9.0,UNIVERSIDAD,40.42802889001877,-3.710182353581842,ProgramacionDestacadaAgendaCultura
760,11693836,París 1940,De 6 a 22 euros,0,"['M', 'X', 'J', 'V', 'S', 'D']",2022-11-17 00:00:00.0,2023-01-08 23:59:00.0,-,"París 1940 Creo acertado y oportuno, en estos momentos en que la sociedad, cada vez más olvidadiza de su historia, parece resaltar como ejemplo y valor máximo el triunfo hipermediático, rápido y masivo, que le ofrece la digitalización, los tweets o las fakes news, gracias al big data, big pharma y big finances, pararse a reflexionar sobre nuestro arte dramático. Profundizar en él no únicamente hacia los que practicamos su aprendizaje, sino también hacia el público que lo recibe en vivo. Cuestionarnos sobre nuestro oficio, sobre nuestra realización a través de él o gracias a él. Josep Maria Flotats",Teatro Español,['1.6'],CALLE,PRINCIPE,25.0,CORTES,40.41482868269558,-3.7001663599562105,TeatroPerformance
765,11768370,Paul B. Preciado 'Yo soy el monstruo que os habla',18 euros,0,"['L', 'M', 'X', 'J', 'V', 'S', 'D']",2023-03-24 00:00:00.0,2023-03-26 23:59:00.0,-,A las 20 horas,Centro de Cultura Contemporánea Conde Duque,['1'],CALLE,CONDE DUQUE,9.0,UNIVERSIDAD,40.42802889001877,-3.710182353581842,ProgramacionDestacadaAgendaCultura
798,11735901,Que de noche lo mataron,Próximamente más información,0,"['M', 'X', 'J', 'V', 'S', 'D']",2023-04-27 00:00:00.0,2023-05-21 23:59:00.0,-,-,Fernán Gómez Centro Cultural de la Villa,['1.6'],PLAZA,COLON,4.0,RECOLETOS,40.42492634761077,-3.689920851966343,ProgramacionDestacadaAgendaCultura
807,11830290,Recycled J,Platea: 28 euros Preferente frontal A/B filas 1-4: 28 euros Preferente frontal A/B filas 5-11: 24 euros Preferente frontal C/D filas 1-11: 24 euros Preferente escenario: 28 euros Grada: 22 euros Silla de ruedas: 24 euros,0,-,2023-02-03 00:00:00.0,2023-02-03 23:59:00.0,20:00,"Recycled J presentará su último tema 'Hasta que salga el sol' en el Teatro Circo Price de Madrid, sin duda uno de los conciertos más esperados de este Festival. El artista lleva más de 10 años dentro de la escena de la música emergente afianzándose como uno de los artistas con más proyección en nuestro país. Recycled J traza un arco desde el rap más underground e independiente hasta los sonidos más contemporáneos y populares. El de Carabanchel se define por lo ecléctico y lo disruptivo. Ni dentro del rap, del trap, del pop, del R&amp;amp;B?, ni fuera de todos ellos. En 2010 Jorge Escorial comenzó en el mundo musical en su barrio Carabanchel. Dos años más tarde, publica junto a Natos y Waor: 'Hijos de la ruina'. En 2015 regresa con 'COOL VS RECYCLED J' (2015) y en esa época apuesta por actualizar su nombre artístico. Desde entonces ha sido un non-stop de colaboraciones, de nuevos álbumes, temas y reinvenciones. En los últimos dos años el artista ha editado varias colaboraciones: 'Enganchao' con InnerCut y Beauty Pikete; '404' con Zetazen; y 'Ciego por el Club' con C.R.O, Cruz Cafuné y Israel B. A mitades de año pasado , Recycled colabora con ROUSS en 'Cobarde' y ha lanzado junto Natos y Waor 'Hasta que salga el sol', una pieza de tintes electrónicos. Sus últimos éxitos han llevado a acumular más de 1M de oyentes mensuales en plataformas digitales como Spotify y más de 90M de visualizaciones en su canal de YouTube.",Teatro Circo Price,['1'],RONDA,ATOCHA,35.0,PALOS DE MOGUER,40.40596423138839,-3.698601359753866,ProgramacionDestacadaAgendaCultura
826,11735871,Retorno al hogar,Próximamente más información,0,"['M', 'X', 'J', 'V', 'S', 'D']",2023-01-12 00:00:00.0,2023-02-05 23:59:00.0,-,-,Fernán Gómez Centro Cultural de la Villa,['1.6'],PLAZA,COLON,4.0,RECOLETOS,40.42492634761077,-3.689920851966343,ProgramacionDestacadaAgendaCultura
831,11768253,Robert Wilson 'Deafman Glance' + 'Stations',"3,50 euros",0,-,2023-03-08 00:00:00.0,2023-03-08 23:59:00.0,20:00,-,Centro de Cultura Contemporánea Conde Duque,['1'],CALLE,CONDE DUQUE,9.0,UNIVERSIDAD,40.42802889001877,-3.710182353581842,ProgramacionDestacadaAgendaCultura
835,11693857,Romeo y Julieta,De 6 a 22 euros,0,"['M', 'X', 'J', 'V', 'S', 'D']",2023-04-15 00:00:00.0,2023-06-04 23:59:00.0,-,"Todos conocemos 'la excelente y lamentable tragedia de Romeo y Julieta'. Los amantes que prefirieron morir juntos antes que vivir separados. Shakespeare dice que la muerte es el fin de todo y que Romeo y Julieta murieron abrazados en el mausoleo de Verona. Ahora, 400 años después, os vamos a demostrar que Shakespeare se equivocó: Ana Belén y José Luis nos van a contar la verdadera historia de este amor prohibido. Julieta y Romeo despiertan después de un largo sueño, pero no se reconocen. Julieta solo ve a un caballero ochentón y Romeo a una dama muy bien conservada. Los dos se creen que aún son un par de adolescentes. Julieta piensa que solo durmió un par de instantes y espera ansiosamente a su eterno amado. Romeo, en cambio, no se acuerda de nada. Y así, lo que siempre creímos que era el final de la tragedia es el comienzo de la verdadera historia de los amantes más famosos del mundo. Julieta tiene que reconocer que ya no tiene 16 años y Romeo tiene que enfrentarse a una pared blanca contra la que choca al intentar recordar quién es y de dónde viene. Entre la felicidad de por fin poder estar juntos y la enorme tristeza de no haber podido vivir una vida entera juntos, los dos intentan averiguar cómo llegaron hasta aquí y qué es lo que todavía les une. Ana y José Luis nos cogen de la mano y nos enseñan las escenas más enigmáticas de la tragedia. Se enamoran, se enfrentan en duelo, se fugan, se casan, cantan y bailan, se envenenan y, al final, mueren para demostrar a Shakespeare que la muerte no es el fin de todo.",Teatro Español,['1.6'],CALLE,PRINCIPE,25.0,CORTES,40.41482868269558,-3.7001663599562105,TeatroPerformance
837,11737443,Ronda de libros,40 euros las cuatro sesiones (más gastos de gestión). Sólo se devolverá el importe de la matrícula en caso de que la organización cancele la actividad,0,"['L', 'M', 'X', 'J', 'V', 'S', 'D']",2022-09-24 00:00:00.0,2022-12-10 23:59:00.0,-,-,Matadero Madrid,['1'],PLAZA,LEGAZPI,8.0,CHOPERA,40.3910548685872,-3.695807289289216,-
839,11772353,Ruedas y re-tuercas,5 euros,0,-,2022-11-26 00:00:00.0,2022-11-26 23:59:00.0,12:00,-,Espacio Abierto Quinta de los Molinos,['1.6'],CALLE,JUAN IGNACIO LUCA DE TENA,20.0,EL SALVADOR,40.44774002225867,-3.629287454229164,CursosTalleres
851,11830271,Second,Platea: 30 euros Preferente frontal: 25 euros Preferente escenario: 30 euros Grada: 22 euros Silla de ruedas: 25 euros,0,-,2023-01-28 00:00:00.0,2023-01-28 23:59:00.0,20:00,"Second regresa a la escena musical con un nuevo álbum que lleva por nombre 'Flores Imposibles'. Veremos a unos Second en su estado más poético, enérgico y elegante con canciones nacidas en un entorno hostil. Ellos mismos lo cuentan así: 'No ha sido la mejor etapa para todos, pero hemos abierto una grieta, entra un hilo de luz, y echamos abajo el muro. Una búsqueda interior para emerger al exterior'. Su estilo musical se mueve desde el indie rock al rock alternativo, música que han llevado a llenar conciertos en pequeñas salas y en grandes festivales. Con 8 discos oficiales publicados y una trayectoria de más de 20 años, Second es una de las bandas más importantes de la escena indie rock nacional. El grupo formado por Sean Frutos (voz), Jorge Guirao (guitarra), Fran Guirao (batería) y Nando Robles (bajo), con su arrollador directo como principal argumento durante todos estos años, ha protagonizado extensas giras por todo el territorio nacional agotando entradas en plazas cada vez mayores, encabezando los carteles de los principales festivales y llegando a lo más alto en listas de ventas y plataformas digitales con lanzamientos como su último álbum, 'Anillos y Raíces' (2018). El título de este octavo disco hace referencia a la naturaleza y remarca cierta similitud con su trabajo y dedicación. Las raíces serían la esencia, el germen de todo, y los anillos se refieren a lo vivido, a la experiencia que se crea a lo largo de los años. De esta forma, las canciones, surgen de las raíces, de lo más interno que crece y poco a poco sale al exterior. Igual que los árboles y otros protagonistas de la naturaleza. Ya podemos escuchar su último single 'Muévete y siente' y queda muy poco para descubrir las sorpresas que nos traerán con el álbum.",Teatro Circo Price,['1'],RONDA,ATOCHA,35.0,PALOS DE MOGUER,40.40596423138839,-3.698601359753866,ProgramacionDestacadaAgendaCultura
870,11848474,Sobre la vida de los animales,18 euros,0,"['M', 'X', 'J', 'V', 'S', 'D']",2022-12-15 00:00:00.0,2023-01-15 23:59:00.0,-,-,Teatro Español,['1.6'],CALLE,PRINCIPE,25.0,CORTES,40.41482868269558,-3.7001663599562105,TeatroPerformance
873,11768256,Space Afrika &amp; Valentina Magaletti + Ylia 'Soundset series',14 euros,0,-,2023-03-10 00:00:00.0,2023-03-10 23:59:00.0,20:30,-,Centro de Cultura Contemporánea Conde Duque,['1'],CALLE,CONDE DUQUE,9.0,UNIVERSIDAD,40.42802889001877,-3.710182353581842,ProgramacionDestacadaAgendaCultura
890,11737433,Taller de teatro en inglés (8-11 años),132  euros el trimestre (más gastos de gestión). Sólo se devolverá el importe de la matrícula en caso de que la organización cancele la actividad.,0,-,2022-09-27 00:00:00.0,2022-12-20 23:59:00.0,-,-,Matadero Madrid,['1'],PLAZA,LEGAZPI,8.0,CHOPERA,40.3910548685872,-3.695807289289216,-
897,11751222,Talleres del Price,A la venta la semana del 12 de septiembre Bono de 10 sesiones (comprende el trimestre completo): 140 euros Bono de 5 sesiones (comprende medio trimestre y permite seleccionar 5 días sueltos): 90 euros Una sesión: 20 euros,0,['S'],2022-10-01 00:00:00.0,2022-12-17 23:59:00.0,-,-,Teatro Circo Price,['1'],RONDA,ATOCHA,35.0,PALOS DE MOGUER,40.40596423138839,-3.698601359753866,ProgramacionDestacadaAgendaCultura
898,11765626,Talleres para colegios (Infantil y Primaria),8 euros por alumno (Grupos mínimo 20 alumnos) El pago se realizará por transferencia por el total Más información y reserva de tu visita para el curso 2022-23 en el correo info@casalector.es,0,['X'],2022-09-07 00:00:00.0,2023-07-27 23:59:00.0,-,-,Casa del Lector,['3'],PASEO,CHOPERA,14.0,CHOPERA,40.39343275613288,-3.6985778802913103,CursosTalleres
910,11693867,Teatro del privado horror,Entrada gratuita ,1,"['M', 'X', 'J', 'V', 'S', 'D']",2022-11-15 00:00:00.0,2023-04-30 23:59:00.0,-,Martes a domingo / De 11 a 14 horas y de 16 a 18 horas,Teatro Español,['1.6'],CALLE,PRINCIPE,25.0,CORTES,40.41482868269558,-3.7001663599562105,ProgramacionDestacadaAgendaCultura
914,11772329,Tejer con los dedos,5 euros (tanto niños como adultos),0,"['L', 'M', 'X', 'J', 'V', 'S', 'D']",2022-10-01 00:00:00.0,2022-12-11 23:59:00.0,-,"1, 2, 8 y 9 de octubre / 13 de noviembre / 10 y 11 de diciembre: 12 h. 13, 26 y 27 de noviembre: 17 h.",Espacio Abierto Quinta de los Molinos,['1.6'],CALLE,JUAN IGNACIO LUCA DE TENA,20.0,EL SALVADOR,40.44774002225867,-3.629287454229164,CursosTalleres
937,11768349,Thomas Ostermeier. Quién mató a mi padre,22 euros,0,"['J', 'V', 'S']",2023-01-19 00:00:00.0,2023-01-21 23:59:00.0,-,-,Centro de Cultura Contemporánea Conde Duque,['1'],CALLE,CONDE DUQUE,9.0,UNIVERSIDAD,40.42802889001877,-3.710182353581842,ProgramacionDestacadaAgendaCultura
938,11830296,Tindersticks,Platea: 45 euros Preferente frontal A/B filas 1-4: 45 euros Preferente frontal A/B filas 5-11: 35 euros Preferente frontal C/D filas 1-11: 35 euros Preferente escenario: 45 euros Grada: 30 euros Silla de ruedas: 35 euros,0,-,2023-01-13 00:00:00.0,2023-01-13 23:59:00.0,20:00,"Tindersticks presentará una gira especial para celebrar su 30º aniversario que ha sido bautizada con el nombre de 'tindersticks with orchestra and guests'. Son ya unos clásicos contemporáneos. Comenzaron su andadura en 1991, dos años antes de debutar discográficamente con 'Tindersticks I', álbum en el que ya mostraron muchos de los rasgos distintivos que han marcaron su trayectoria. Con arreglos de y para sibaritas y la voz de barítono de Stuart Staples, sus canciones se lanzaban por las sendas de Gainsbourg y Hazlewood. Al frente, un 'crooner' distinguido para los momentos melancólicos y dándole cobertura, una ristra de de instrumentos que flotaban o lloraban -violines, carillón, trompeta, vibráfono, órgano Hammond...-. Del excelso pop de cámara de sus primeros tres álbumes, recibidos por la crítica con los brazos abiertos, pasaron a arrimarse al soul con 'Simple Pleasure' (1999) y 'Can Our Love...' (2001), demostrando a los escépticos que también sabían mantener el listón muy alto cuando aligeraban el equipaje y que su libro de estilo no era tan estático como les achacaban. Aunque en 2005, cuando Staples inició su carrera en solitario, hubo rumores de ruptura, se quedaron en eso, despejados por su séptimo trabajo, 'The Hungry Saw' (2008). En 2012, con 'The Something Rain', su noveno álbum (siete bandas sonoras para cine, fondos sonoros para museos e instalaciones de arte y discos en directo al margen), reivindicaron de nuevo su elegancia inmarcesible. Tres de sus miembros originales (el arriba citado Staples más Neil Fraser y David Boulter, junto al bajista Dan McKinna y el batería Earl Harvin) fueron quienes grabaron su décimo LP, 'The Waiting Room', que se publicó en enero de 2016, reforzado además con un sólido proyecto visual: un cortometraje de cada una de sus canciones, iniciativa comisionada por diversos directores de cine. Ese mismo quinteto es el que está detrás de su úndecimo trabajo, 'No Treasure But Hope', que salió a la venta el 15 de noviembre de 2019. Staples declaró al respecto: 'Sentí que necesitábamos poder hacer algo significativo'. Y así fue, pues en ese trabajo estos expertos en temas íntimos y expansivos desplegaron un abanico de composiciones repletas de calidez intuitiva, melodías exuberantes y un espíritu inquisitivo. Una obra que arrojó una nueva luz sobre las cualidades centrales de unos tindersticks redescubriendo sus virtudes. Hasta que el 15 de noviembre de 2019 publicaron 'No Treasure But Hope', en el que los británicos buscaron, según palabras de su líder, cantante y compositor, Stuart Staples, 'sentir que teníamos que hacer algo significativo'. Aunque ningún álbum de tindersticks ha carecido de significado, desde luego y ni mucho menos, estos expertos en canciones íntimas y expansivas profundizaron en ese lanzamiento en la calidez intuitiva, las melodías exuberantes y el espíritu inquisitivo de sus canciones. Se trata de una obra que intenta redescubrir lo que pueden hacer. Afirmaba Staples que una regla que impuso a la hora de elaborarlo fue evitar los caminos ya conocidos. 'Los últimos dos álbumes se construyeron gradualmente hasta el punto de estar terminados en nuestro estudio a partir de momentos anteriores de tocar y grabar juntos. Esta vez queríamos hacerlo al revés, hacer algo que significaba estar todos comprometidos y en el mismo momento, con una canción'. Finalmente, en febrero de 2021 ha llegado su sucesor, 'Distractions', que suena como el inicio de un nuevo y fresco capítulo en su historial. Es un trabajo poderoso y evocativo que le habla a su tiempo de forma magra y urgente, pero que también dialoga con su obra precedente sin caer en el estancamiento. De cara a 2022, la formación británica ha ideado una gira especial para celebrar su 30º aniversario, que ha sido bautizada con el nombre de 'tindersticks with orchestra and guests'.",Teatro Circo Price,['1'],RONDA,ATOCHA,35.0,PALOS DE MOGUER,40.40596423138839,-3.698601359753866,ProgramacionDestacadaAgendaCultura
948,11737440,Trio de AsES: Álbum+App+Arte,40 euros las cuatro sesiones (más gastos de gestión). Solo se devolverá el importe de la matrícula en caso de cancelación de la actividad.,0,"['L', 'M', 'X', 'J', 'V', 'S', 'D']",2022-09-24 00:00:00.0,2022-12-10 23:59:00.0,-,-,Matadero Madrid,['1'],PLAZA,LEGAZPI,8.0,CHOPERA,40.3910548685872,-3.695807289289216,-
950,11693874,True West,20 euros,0,"['M', 'X', 'J', 'V', 'S', 'D']",2022-10-28 00:00:00.0,2022-11-27 23:59:00.0,19:00,-,Teatro Español,['1.6'],CALLE,PRINCIPE,25.0,CORTES,40.41482868269558,-3.7001663599562105,TeatroPerformance
951,11806317,Tutankamon,"Venta de entradas disponible online y en taquilla MAD, situada en la Nave 16 Los precios no incluyen gastos de gestión 1,50 euros por tipo de entrada. Gastos también aplicados en la taquilla física del recinto. Los horarios y precios pueden sufrir modificaciones sin previo aviso o debido a fechas festivas. Desde 9,90 euros",0,"['L', 'M', 'X', 'J', 'V', 'S', 'D']",2022-11-04 00:00:00.0,2023-02-28 23:59:00.0,-,-,Matadero Madrid,['1'],PLAZA,LEGAZPI,8.0,CHOPERA,40.3910548685872,-3.695807289289216,-
953,11768217,Ulrich Seidl 'Rimini',"3,50 euros",0,-,2023-01-25 00:00:00.0,2023-01-25 23:59:00.0,20:30,-,Centro de Cultura Contemporánea Conde Duque,['1'],CALLE,CONDE DUQUE,9.0,UNIVERSIDAD,40.42802889001877,-3.710182353581842,ProgramacionDestacadaAgendaCultura
954,11735845,Un animal en mi almohada,Próximamente más información,0,"['M', 'X', 'J', 'V', 'S', 'D']",2022-12-01 00:00:00.0,2022-12-18 23:59:00.0,-,-,Fernán Gómez Centro Cultural de la Villa,['1.6'],PLAZA,COLON,4.0,RECOLETOS,40.42492634761077,-3.689920851966343,ProgramacionDestacadaAgendaCultura
967,11768352,Vértebro 'Una imagen terrestre',14 euros,0,"['L', 'M', 'X', 'J', 'V', 'S', 'D']",2023-01-13 00:00:00.0,2023-01-14 23:59:00.0,20:00,-,Centro de Cultura Contemporánea Conde Duque,['1'],CALLE,CONDE DUQUE,9.0,UNIVERSIDAD,40.42802889001877,-3.710182353581842,ProgramacionDestacadaAgendaCultura
976,11735907,VII Festival Flamenco Madrid,Más información sobre precios y programación en próximas fechas.,0,"['M', 'X', 'J', 'V', 'S', 'D']",2023-05-18 00:00:00.0,2023-06-04 23:59:00.0,-,-,Fernán Gómez Centro Cultural de la Villa,['1.6'],PLAZA,COLON,4.0,RECOLETOS,40.42492634761077,-3.689920851966343,DanzaBaile
989,11648046,Visitas familiares a Matadero,Actividad gratuita previa inscripción,0,-,2022-04-01 00:00:00.0,2022-12-31 23:59:00.0,-,-,Matadero Madrid,['1'],PLAZA,LEGAZPI,8.0,CHOPERA,40.3910548685872,-3.695807289289216,ActividadesCalleArteUrbano
990,11217728,Visitas guiadas a CentroCentro,Gratuito,0,"['M', 'X', 'J', 'V', 'S', 'D']",2018-02-19 00:00:00.0,2028-01-01 23:59:00.0,-,-,CentroCentro,['1'],PLAZA,CIBELES,1.0,LOS JERONIMOS,40.419011767401095,-3.692206111679657,-
992,11842147,Visitas guiadas exposición Metaversos: Realidades en transición,"Entrada gratuita, previa reserva de plaza y hasta completar aforo",0,"['M', 'X', 'J', 'V', 'S', 'D']",2022-11-10 00:00:00.0,2023-01-29 23:59:00.0,-,-,Matadero Madrid,['1'],PLAZA,LEGAZPI,8.0,CHOPERA,40.3910548685872,-3.695807289289216,ExcursionesItinerariosVisitas
994,11648049,Visitas Matadero,Actividad gratuita previa inscripción,0,-,2022-04-01 00:00:00.0,2022-12-31 23:59:00.0,-,-,Matadero Madrid,['1'],PLAZA,LEGAZPI,8.0,CHOPERA,40.3910548685872,-3.695807289289216,ActividadesCalleArteUrbano
996,11753841,Wikiesfera. Aprendiendo a editar en Wikipedia,Gratuito,0,['X'],2022-09-01 00:00:00.0,2022-12-30 23:59:00.0,-,-,Medialab en Matadero. Matadero Madrid,['1'],PASEO,CHOPERA,14.0,CHOPERA,40.39245798191536,-3.6972067902718897,-
999,11839902,Yo también soy poeta,5 euros por asistente (más gastos de gestión). Sólo se devolverá el importe de la matrícula en caso de que la organización cancele la actividad,0,-,2022-11-06 00:00:00.0,2022-12-04 23:59:00.0,-,-,Matadero Madrid,['1'],PLAZA,LEGAZPI,8.0,CHOPERA,40.3910548685872,-3.695807289289216,-
